Name,Age,G,PA,H,HR,RBI,BB,SO,SB,AVG,OBP,SLG,OPS,ISO,BABIP,wOBA,wRC+,WAR,BsR,Def,Off,BB%,K%,Swing%,Contact%,Zone%,O-Swing%,HardHit%,Barrel%,EV,LA,is_all_star
Aaron Judge,30,157,696,177,62,131,111,175,16,0.311,0.425,0.686,1.111,0.375,0.34,0.458,206,11.1,1.1,-0.6,84.2,0.159,0.251,0.425,0.722,0.385,0.268,0.609,0.262,95.8,14.9,1
Nolan Arenado,31,148,620,163,30,103,52,72,5,0.293,0.358,0.533,0.891,0.241,0.29,0.381,149,7.2,0.1,11.8,35.5,0.084,0.11599999999999999,0.484,0.823,0.386,0.361,0.389,0.08199999999999999,88.7,21.7,0
Manny Machado,29,150,644,172,32,102,63,133,9,0.298,0.366,0.531,0.898,0.234,0.337,0.382,152,7.1,-0.4,7.2,38.5,0.098,0.207,0.508,0.768,0.38799999999999996,0.342,0.49,0.098,91.5,16.0,1
Jose Altuve,32,141,604,158,28,57,66,87,18,0.3,0.387,0.533,0.921,0.233,0.315,0.397,164,6.9,0.4,2.0,44.1,0.109,0.14400000000000002,0.43799999999999994,0.846,0.369,0.314,0.295,0.077,85.9,16.1,1
Paul Goldschmidt,34,151,651,178,35,115,79,141,7,0.317,0.404,0.578,0.981,0.26,0.368,0.419,175,6.8,0.9,-15.3,58.0,0.121,0.217,0.41700000000000004,0.763,0.41200000000000003,0.276,0.469,0.115,90.7,15.7,1
Freddie Freeman,32,159,708,199,21,100,84,102,13,0.325,0.407,0.511,0.918,0.186,0.359,0.393,157,6.8,1.7,-8.5,48.8,0.11900000000000001,0.14400000000000002,0.493,0.831,0.401,0.313,0.48,0.10099999999999999,91.3,13.6,1
J.T. Realmuto,31,139,562,139,22,84,41,119,21,0.276,0.342,0.478,0.82,0.202,0.318,0.354,129,6.7,3.5,21.8,22.2,0.073,0.212,0.49,0.767,0.41,0.35,0.467,0.113,90.3,13.1,0
Dansby Swanson,28,162,696,177,25,96,49,182,18,0.277,0.329,0.447,0.776,0.17,0.348,0.337,117,6.6,3.7,22.0,17.3,0.07,0.261,0.495,0.718,0.419,0.314,0.461,0.10800000000000001,90.2,15.7,0
Yordan Alvarez,25,135,561,144,37,97,78,106,1,0.306,0.406,0.613,1.019,0.306,0.32,0.427,185,6.4,-2.0,-9.2,51.9,0.139,0.18899999999999997,0.426,0.7879999999999999,0.385,0.275,0.598,0.21,95.2,12.3,0
Trea Turner,29,160,708,194,21,100,45,131,27,0.298,0.343,0.466,0.809,0.169,0.342,0.35,128,6.4,6.6,6.8,29.6,0.064,0.185,0.511,0.7490000000000001,0.38799999999999996,0.364,0.414,0.076,88.9,10.2,1
Francisco Lindor,28,161,706,170,26,107,59,133,16,0.27,0.339,0.449,0.788,0.179,0.301,0.342,124,6.4,1.2,14.9,21.3,0.084,0.188,0.47700000000000004,0.79,0.396,0.33799999999999997,0.41100000000000003,0.083,89.3,13.8,0
Mookie Betts,29,142,639,154,35,82,55,104,12,0.269,0.34,0.533,0.873,0.264,0.272,0.373,144,6.1,2.1,1.3,35.0,0.086,0.163,0.442,0.8490000000000001,0.41700000000000004,0.26,0.447,0.09699999999999999,90.5,18.6,1
Andres Gimenez,23,146,557,146,17,69,34,112,20,0.297,0.371,0.466,0.837,0.169,0.353,0.364,141,6.1,3.9,11.1,29.6,0.061,0.201,0.525,0.753,0.39899999999999997,0.408,0.376,0.062,87.8,11.7,0
Jose Ramirez,29,157,685,168,29,126,69,82,20,0.28,0.355,0.514,0.869,0.235,0.279,0.363,140,6.0,3.6,0.8,34.4,0.10099999999999999,0.12,0.461,0.862,0.38799999999999996,0.32299999999999995,0.366,0.066,87.7,20.7,0
Xander Bogaerts,29,150,631,171,15,73,57,118,8,0.307,0.377,0.456,0.833,0.149,0.362,0.363,133,6.0,3.2,10.2,26.9,0.09,0.187,0.457,0.769,0.405,0.319,0.395,0.065,88.1,10.2,0
Austin Riley,25,159,693,168,38,93,57,168,2,0.273,0.349,0.528,0.878,0.255,0.315,0.377,144,5.9,-0.8,-2.2,34.3,0.08199999999999999,0.242,0.516,0.7440000000000001,0.39899999999999997,0.345,0.508,0.157,92.5,12.9,0
Julio Rodriguez,21,132,560,145,28,75,40,145,25,0.284,0.345,0.509,0.853,0.225,0.345,0.366,148,5.8,3.6,3.9,33.5,0.071,0.259,0.502,0.7120000000000001,0.382,0.371,0.507,0.131,92.0,10.1,0
Jeff McNeil,30,148,589,174,9,62,40,61,4,0.326,0.382,0.454,0.836,0.128,0.353,0.365,140,5.6,-0.2,5.2,27.5,0.068,0.10400000000000001,0.5329999999999999,0.86,0.433,0.33799999999999997,0.302,0.027000000000000003,86.9,12.8,0
Alex Bregman,28,155,656,142,23,93,87,77,1,0.259,0.366,0.454,0.82,0.195,0.26,0.358,137,5.4,-3.4,6.9,23.7,0.133,0.11699999999999999,0.40299999999999997,0.862,0.387,0.218,0.376,0.073,88.9,19.5,0
Brandon Nimmo,29,151,673,159,16,64,71,116,3,0.274,0.367,0.433,0.8,0.159,0.317,0.353,132,5.4,2.9,0.5,27.9,0.105,0.172,0.43700000000000006,0.826,0.44,0.261,0.39799999999999996,0.07,89.4,6.1,0
Tommy Edman,27,153,630,153,13,57,46,111,32,0.265,0.324,0.4,0.725,0.135,0.308,0.318,106,5.3,7.2,17.7,11.5,0.073,0.17600000000000002,0.467,0.8109999999999999,0.424,0.342,0.376,0.062,88.6,8.7,0
Sean Murphy,27,148,612,134,18,66,56,124,1,0.25,0.332,0.426,0.759,0.177,0.29,0.331,121,5.2,-0.8,17.3,13.3,0.092,0.203,0.493,0.778,0.402,0.34,0.41100000000000003,0.105,88.7,11.5,0
Rafael Devers,25,141,614,164,27,88,50,114,3,0.295,0.358,0.521,0.879,0.225,0.329,0.373,140,5.0,-0.7,1.3,27.0,0.081,0.18600000000000003,0.545,0.74,0.384,0.40299999999999997,0.509,0.115,93.1,11.3,1
Kyle Tucker,25,150,609,140,30,107,59,95,25,0.257,0.33,0.478,0.808,0.221,0.261,0.348,130,4.9,3.2,4.1,23.5,0.09699999999999999,0.156,0.525,0.813,0.415,0.302,0.419,0.10099999999999999,90.0,19.0,0
Bo Bichette,24,159,697,189,24,93,41,155,13,0.29,0.333,0.469,0.802,0.179,0.347,0.347,129,4.8,0.0,0.9,23.0,0.059000000000000004,0.222,0.56,0.797,0.415,0.386,0.503,0.096,91.9,8.5,0
Steven Kwan,24,147,638,168,6,52,62,60,19,0.298,0.373,0.4,0.772,0.101,0.323,0.341,125,4.7,6.0,0.8,23.9,0.09699999999999999,0.094,0.377,0.919,0.45,0.233,0.20800000000000002,0.013999999999999999,85.1,11.8,0
Carlos Correa,27,136,590,152,22,64,61,121,0,0.291,0.366,0.467,0.834,0.176,0.339,0.362,139,4.6,-3.2,2.1,22.8,0.10300000000000001,0.205,0.444,0.797,0.40299999999999997,0.308,0.447,0.114,89.9,11.6,0
Corey Seager,28,151,663,145,33,83,58,103,3,0.245,0.317,0.455,0.772,0.211,0.242,0.331,117,4.4,0.2,8.4,12.6,0.087,0.155,0.545,0.7490000000000001,0.415,0.35100000000000003,0.455,0.105,91.1,13.6,0
Willy Adames,26,139,617,134,31,98,49,166,8,0.238,0.298,0.458,0.756,0.22,0.278,0.325,109,4.4,1.1,13.6,7.5,0.079,0.26899999999999996,0.496,0.7390000000000001,0.409,0.337,0.434,0.13,88.9,18.9,0
Daulton Varsho,25,151,592,125,27,74,46,145,16,0.235,0.302,0.443,0.745,0.207,0.269,0.323,106,4.4,2.2,14.6,6.5,0.078,0.245,0.499,0.7659999999999999,0.446,0.348,0.353,0.102,87.7,14.9,0
Marcus Semien,31,161,724,163,26,83,53,120,25,0.248,0.304,0.429,0.733,0.181,0.263,0.317,107,4.4,5.9,7.3,11.3,0.073,0.166,0.47200000000000003,0.8079999999999999,0.39799999999999996,0.29,0.349,0.068,87.3,19.9,0
Will Smith,27,137,578,132,24,87,56,96,1,0.26,0.343,0.465,0.807,0.205,0.276,0.349,127,4.3,-2.6,5.5,15.8,0.09699999999999999,0.166,0.426,0.8320000000000001,0.423,0.254,0.43,0.10300000000000001,89.9,18.4,0
Eugenio Suarez,30,150,629,128,31,87,73,196,0,0.236,0.332,0.459,0.791,0.223,0.302,0.344,132,4.3,-1.5,0.2,21.2,0.11599999999999999,0.312,0.418,0.6940000000000001,0.41600000000000004,0.247,0.435,0.14800000000000002,89.8,19.9,0
Alejandro Kirk,23,139,541,134,14,63,63,58,0,0.285,0.372,0.415,0.786,0.13,0.299,0.347,129,4.3,-5.3,11.2,12.5,0.11599999999999999,0.107,0.41,0.858,0.41200000000000003,0.263,0.45,0.067,90.5,8.1,0
Nico Hoerner,25,135,517,135,10,55,28,57,20,0.281,0.327,0.41,0.736,0.129,0.3,0.32,108,4.3,3.3,14.6,8.3,0.054000000000000006,0.11,0.491,0.866,0.41600000000000004,0.36200000000000004,0.32899999999999996,0.026000000000000002,87.2,10.6,0
George Springer,32,133,583,137,25,76,54,100,14,0.267,0.342,0.472,0.814,0.205,0.285,0.352,133,4.1,4.6,-5.0,25.9,0.09300000000000001,0.172,0.508,0.738,0.424,0.301,0.419,0.083,88.7,13.9,0
Yandy Diaz,30,137,558,140,9,57,78,60,3,0.296,0.401,0.423,0.824,0.127,0.323,0.366,145,3.9,-3.2,-5.9,25.1,0.14,0.10800000000000001,0.413,0.871,0.42700000000000005,0.231,0.486,0.048,92.2,7.7,0
Christian Walker,31,160,667,141,36,94,69,131,2,0.242,0.327,0.477,0.804,0.235,0.248,0.346,122,3.9,-1.7,-0.9,15.6,0.10300000000000001,0.196,0.447,0.772,0.409,0.272,0.44,0.115,90.0,17.0,0
Matt Chapman,29,155,621,123,27,76,68,170,2,0.229,0.324,0.433,0.757,0.204,0.277,0.331,118,3.9,1.1,3.9,13.3,0.11,0.27399999999999997,0.418,0.74,0.418,0.22899999999999998,0.507,0.129,92.2,19.0,0
Pete Alonso,27,160,685,162,40,131,67,128,5,0.271,0.352,0.518,0.869,0.246,0.279,0.366,141,3.8,-2.7,-17.2,29.8,0.098,0.187,0.499,0.7859999999999999,0.36200000000000004,0.36,0.446,0.12300000000000001,89.8,18.2,0
Jose Abreu,35,157,679,183,15,75,62,110,0,0.304,0.378,0.446,0.824,0.141,0.35,0.361,137,3.8,-2.3,-11.5,26.2,0.091,0.162,0.473,0.7929999999999999,0.41600000000000004,0.336,0.517,0.095,92.2,8.0,0
Juan Soto,23,153,664,127,27,62,135,96,6,0.242,0.401,0.452,0.853,0.21,0.249,0.376,146,3.7,-2.1,-20.9,33.1,0.203,0.145,0.353,0.83,0.392,0.19899999999999998,0.473,0.124,91.0,9.1,0
Taylor Ward,28,135,564,139,23,65,60,120,5,0.281,0.36,0.473,0.833,0.192,0.325,0.362,136,3.7,-2.6,-3.4,20.5,0.106,0.213,0.414,0.8,0.42,0.23600000000000002,0.426,0.121,90.0,15.8,0
Ian Happ,27,158,641,155,17,72,58,149,9,0.271,0.342,0.44,0.781,0.169,0.336,0.339,122,3.7,0.9,-3.5,17.1,0.09,0.23199999999999998,0.49,0.758,0.415,0.307,0.402,0.065,89.7,10.9,0
Cedric Mullins,27,156,672,157,16,64,47,126,34,0.258,0.318,0.403,0.721,0.145,0.299,0.315,108,3.7,1.8,5.9,7.7,0.07,0.188,0.507,0.81,0.43799999999999994,0.342,0.36700000000000005,0.049,88.8,17.4,0
Shohei Ohtani,27,157,666,160,34,95,72,161,11,0.273,0.356,0.519,0.875,0.246,0.32,0.37,142,3.6,-1.7,-16.4,29.7,0.10800000000000001,0.242,0.493,0.743,0.405,0.32,0.498,0.168,92.9,12.1,1
Jake Cronenworth,28,158,684,140,17,88,70,131,3,0.239,0.332,0.39,0.722,0.152,0.275,0.318,109,3.6,1.7,2.7,8.5,0.102,0.192,0.41700000000000004,0.841,0.45,0.254,0.33799999999999997,0.055999999999999994,87.6,18.1,0
Ha-seong Kim,26,150,582,130,11,59,51,100,12,0.251,0.325,0.383,0.708,0.132,0.29,0.313,105,3.6,1.6,9.8,4.9,0.08800000000000001,0.172,0.431,0.8340000000000001,0.44799999999999995,0.275,0.32299999999999995,0.042,86.7,16.1,0
Starling Marte,33,118,505,136,16,63,26,97,18,0.292,0.347,0.468,0.814,0.176,0.34,0.355,133,3.5,0.3,-4.0,19.8,0.051,0.192,0.493,0.7809999999999999,0.41100000000000003,0.36,0.33899999999999997,0.068,86.8,7.5,0
Elvis Andrus,33,149,577,133,17,58,39,92,18,0.249,0.303,0.404,0.707,0.155,0.272,0.31,104,3.4,4.1,7.7,6.7,0.068,0.159,0.45399999999999996,0.8059999999999999,0.41700000000000004,0.32799999999999996,0.345,0.045,87.9,11.9,0
Vladimir Guerrero Jr.,23,160,706,175,32,97,58,116,8,0.274,0.339,0.48,0.818,0.205,0.289,0.351,132,3.3,-1.0,-15.1,24.5,0.08199999999999999,0.16399999999999998,0.49700000000000005,0.78,0.39299999999999996,0.342,0.504,0.11199999999999999,92.8,4.3,0
Jeremy Pena,24,136,558,132,22,63,22,135,11,0.253,0.289,0.426,0.715,0.173,0.298,0.309,102,3.3,2.2,10.1,3.8,0.039,0.242,0.547,0.7140000000000001,0.385,0.41,0.36200000000000004,0.096,88.1,8.7,0
Adolis Garcia,29,156,657,151,27,101,40,183,25,0.25,0.3,0.456,0.756,0.207,0.309,0.324,112,3.2,4.6,-4.0,13.3,0.061,0.27899999999999997,0.535,0.6859999999999999,0.376,0.40299999999999997,0.474,0.129,92.1,13.2,0
Nathaniel Lowe,26,157,645,179,27,76,48,147,2,0.302,0.358,0.492,0.851,0.191,0.363,0.368,143,3.1,-3.2,-18.9,27.8,0.07400000000000001,0.228,0.522,0.7879999999999999,0.431,0.349,0.44799999999999995,0.099,90.2,8.2,0
Brandon Drury,29,138,568,136,28,87,38,126,2,0.263,0.32,0.492,0.813,0.23,0.293,0.35,123,3.1,-2.8,-2.3,12.4,0.067,0.222,0.45899999999999996,0.812,0.41600000000000004,0.324,0.41700000000000004,0.10400000000000001,89.1,13.8,0
Matt Olson,28,162,699,148,34,103,75,170,0,0.24,0.325,0.477,0.802,0.237,0.274,0.344,121,3.1,-1.9,-9.5,15.3,0.107,0.243,0.495,0.742,0.392,0.32799999999999996,0.509,0.136,92.9,16.1,0
Ryan McMahon,27,153,597,130,20,67,60,158,7,0.246,0.327,0.414,0.741,0.168,0.311,0.326,97,3.1,0.8,10.1,-1.5,0.10099999999999999,0.265,0.452,0.7490000000000001,0.442,0.285,0.46299999999999997,0.10400000000000001,91.7,10.8,0
DJ LeMahieu,33,125,541,122,12,46,67,71,4,0.261,0.357,0.377,0.734,0.116,0.285,0.329,115,3.1,-2.5,5.1,6.8,0.124,0.131,0.39399999999999996,0.8740000000000001,0.436,0.276,0.406,0.053,89.2,3.0,0
Ke'Bryan Hayes,25,136,560,123,7,41,48,122,20,0.244,0.314,0.345,0.659,0.101,0.307,0.294,86,3.1,2.8,16.7,-6.4,0.086,0.218,0.433,0.8109999999999999,0.396,0.3,0.46799999999999997,0.039,91.0,5.2,0
Amed Rosario,26,153,670,180,11,71,25,111,18,0.283,0.312,0.403,0.715,0.121,0.326,0.311,104,3.0,5.4,-0.4,8.1,0.037000000000000005,0.166,0.531,0.813,0.41,0.425,0.385,0.045,88.4,5.0,0
Teoscar Hernandez,29,131,535,133,25,77,34,152,6,0.267,0.316,0.491,0.807,0.224,0.335,0.348,130,2.9,0.5,-7.5,18.3,0.064,0.284,0.489,0.6809999999999999,0.402,0.336,0.527,0.15,92.6,11.6,0
Randy Arozarena,27,153,645,154,20,89,46,156,32,0.263,0.327,0.445,0.773,0.183,0.325,0.336,124,2.9,-1.5,-8.8,15.6,0.071,0.242,0.46,0.735,0.39,0.33399999999999996,0.40700000000000003,0.079,89.9,8.8,0
Bryan Reynolds,27,145,614,142,27,62,56,141,7,0.262,0.345,0.461,0.807,0.199,0.306,0.349,123,2.8,-1.8,-9.4,14.8,0.091,0.23,0.504,0.742,0.38,0.35600000000000004,0.429,0.079,90.2,12.0,0
Thairo Estrada,26,140,541,127,14,62,33,89,21,0.26,0.322,0.4,0.722,0.139,0.29,0.317,106,2.8,1.3,2.5,5.3,0.061,0.165,0.48700000000000004,0.813,0.39799999999999996,0.355,0.306,0.044000000000000004,86.2,8.1,0
Jorge Mateo,27,150,533,109,13,50,27,147,35,0.221,0.267,0.379,0.646,0.158,0.286,0.281,84,2.8,5.0,14.8,-4.7,0.051,0.276,0.531,0.71,0.409,0.39399999999999996,0.325,0.059000000000000004,86.8,14.8,0
Luis Arraez,25,144,603,173,8,49,50,43,4,0.316,0.375,0.42,0.795,0.104,0.331,0.35,130,2.7,-2.6,-10.9,17.8,0.083,0.071,0.42700000000000005,0.941,0.41100000000000003,0.28600000000000003,0.302,0.036000000000000004,88.9,12.9,0
Ty France,27,140,613,151,20,83,35,94,0,0.274,0.338,0.436,0.774,0.162,0.296,0.337,127,2.6,-0.9,-12.1,17.7,0.057,0.153,0.524,0.8220000000000001,0.389,0.358,0.365,0.054000000000000006,87.6,10.0,0
Mark Canha,33,140,542,123,13,61,48,97,3,0.266,0.367,0.403,0.77,0.136,0.309,0.343,126,2.6,-1.7,-8.4,14.4,0.08900000000000001,0.179,0.428,0.8009999999999999,0.424,0.27699999999999997,0.363,0.049,87.7,10.9,0
Gio Urshela,30,144,551,143,13,64,41,96,1,0.285,0.338,0.429,0.767,0.144,0.326,0.332,118,2.6,-3.1,-1.0,8.1,0.07400000000000001,0.174,0.531,0.812,0.415,0.397,0.376,0.07,88.9,11.8,0
Gleyber Torres,25,140,572,135,24,76,39,129,10,0.257,0.31,0.451,0.761,0.194,0.295,0.328,114,2.6,-2.2,0.0,7.1,0.068,0.226,0.494,0.748,0.413,0.315,0.449,0.107,90.4,17.5,0
Anthony Rizzo,32,130,548,104,32,75,58,101,6,0.224,0.338,0.48,0.817,0.256,0.216,0.352,131,2.5,-2.2,-10.9,17.2,0.106,0.184,0.45899999999999996,0.787,0.413,0.321,0.40700000000000003,0.109,89.4,19.3,0
Josh Rojas,28,125,510,119,9,56,55,98,23,0.269,0.349,0.391,0.739,0.122,0.323,0.326,109,2.5,3.8,-2.3,8.8,0.10800000000000001,0.192,0.408,0.799,0.43,0.225,0.361,0.045,88.8,11.9,0
Hunter Renfroe,30,125,522,121,29,72,39,121,1,0.255,0.315,0.492,0.807,0.236,0.281,0.347,124,2.4,-1.8,-7.7,12.7,0.075,0.23199999999999998,0.47700000000000004,0.752,0.401,0.344,0.433,0.109,90.5,17.7,0
Rhys Hoskins,29,156,672,145,30,79,72,169,2,0.246,0.332,0.462,0.794,0.216,0.292,0.345,123,2.4,-2.6,-15.5,15.1,0.107,0.251,0.418,0.762,0.42,0.258,0.442,0.111,90.1,18.1,0
Ronald Acuna Jr.,24,119,533,124,15,50,53,126,29,0.266,0.351,0.413,0.764,0.148,0.331,0.335,115,2.4,3.7,-8.6,13.2,0.099,0.23600000000000002,0.479,0.773,0.406,0.285,0.49700000000000005,0.128,91.2,10.8,0
Jurickson Profar,29,152,658,140,15,58,73,103,5,0.243,0.331,0.391,0.723,0.148,0.272,0.32,110,2.4,-0.4,-6.7,7.2,0.111,0.157,0.433,0.8290000000000001,0.423,0.27,0.34299999999999997,0.04,87.5,12.9,0
Justin Turner,37,128,532,130,13,81,50,89,3,0.278,0.35,0.438,0.788,0.16,0.313,0.343,123,2.3,-4.1,-6.7,10.3,0.094,0.16699999999999998,0.483,0.816,0.413,0.313,0.406,0.08,89.5,18.4,0
Anthony Santander,27,152,647,138,33,89,55,122,0,0.24,0.318,0.455,0.773,0.214,0.248,0.336,122,2.3,-1.7,-12.5,14.4,0.085,0.18899999999999997,0.47700000000000004,0.8059999999999999,0.382,0.35,0.433,0.11599999999999999,90.1,21.4,0
Bobby Witt Jr.,22,150,632,150,20,80,30,135,30,0.254,0.294,0.428,0.722,0.174,0.295,0.311,98,2.3,7.2,-3.5,5.7,0.047,0.214,0.518,0.7759999999999999,0.40700000000000003,0.373,0.386,0.087,89.7,16.8,0
Christian Yelich,30,154,671,145,14,57,88,162,19,0.252,0.355,0.383,0.738,0.13,0.327,0.328,111,2.2,3.2,-14.3,11.7,0.131,0.24100000000000002,0.431,0.773,0.40399999999999997,0.262,0.48100000000000004,0.08199999999999999,91.5,3.6,0
J.P. Crawford,27,145,603,126,6,42,68,80,3,0.243,0.339,0.336,0.675,0.093,0.275,0.306,105,2.2,0.8,-2.1,4.1,0.113,0.133,0.41,0.8740000000000001,0.43200000000000005,0.243,0.292,0.02,85.1,8.9,0
Kyle Schwarber,29,155,669,126,46,94,86,200,10,0.218,0.323,0.504,0.827,0.286,0.24,0.355,129,2.1,-1.3,-24.1,21.4,0.129,0.299,0.40299999999999997,0.728,0.413,0.25,0.544,0.201,93.3,19.2,0
Josh Bell,29,156,647,147,17,71,81,102,0,0.266,0.362,0.422,0.784,0.156,0.296,0.344,124,2.1,-5.0,-14.9,12.8,0.125,0.158,0.45299999999999996,0.8059999999999999,0.39399999999999996,0.29100000000000004,0.405,0.07200000000000001,88.9,8.3,0
Andrew Benintendi,27,126,521,140,5,51,52,77,8,0.304,0.373,0.399,0.772,0.095,0.352,0.342,121,2.1,-2.1,-6.2,10.0,0.1,0.14800000000000002,0.48100000000000004,0.815,0.431,0.27899999999999997,0.385,0.051,89.2,12.6,0
Max Muncy,31,136,565,91,21,69,90,141,2,0.196,0.329,0.384,0.713,0.188,0.227,0.318,106,2.0,-0.5,-3.7,3.7,0.159,0.25,0.384,0.75,0.425,0.212,0.447,0.134,90.3,20.9,0
Javier Baez,29,144,590,132,17,67,26,147,9,0.238,0.278,0.393,0.671,0.155,0.292,0.291,89,2.0,2.1,5.0,-5.0,0.044000000000000004,0.249,0.5579999999999999,0.6659999999999999,0.348,0.48700000000000004,0.38,0.08,87.9,9.6,0
Eduardo Escobar,33,136,542,119,20,69,40,129,0,0.24,0.295,0.43,0.726,0.19,0.281,0.311,104,1.9,0.1,-3.2,2.4,0.07400000000000001,0.23800000000000002,0.524,0.757,0.39,0.381,0.374,0.094,88.3,20.6,0
Brendan Rodgers,25,137,581,140,13,63,46,101,0,0.266,0.325,0.408,0.733,0.142,0.304,0.321,94,1.8,-1.0,2.9,-5.4,0.079,0.174,0.494,0.795,0.423,0.314,0.45899999999999996,0.07200000000000001,90.0,4.6,0
Ryan Mountcastle,25,145,609,139,22,85,43,154,4,0.25,0.305,0.423,0.729,0.173,0.303,0.316,108,1.8,0.3,-8.5,6.0,0.071,0.253,0.563,0.7240000000000001,0.377,0.41,0.45799999999999996,0.15,91.3,15.9,0
Ketel Marte,28,137,558,118,12,52,55,101,5,0.24,0.321,0.407,0.727,0.167,0.276,0.317,102,1.8,1.6,-5.2,3.2,0.099,0.18100000000000002,0.46,0.8109999999999999,0.405,0.307,0.419,0.061,90.1,13.5,0
Trent Grisham,25,152,524,83,17,53,57,150,7,0.184,0.284,0.341,0.626,0.157,0.231,0.28,83,1.8,1.9,7.5,-8.7,0.109,0.28600000000000003,0.379,0.757,0.42700000000000005,0.23,0.355,0.081,88.3,15.1,0
Luis Rengifo,25,127,511,129,17,52,17,79,6,0.264,0.294,0.429,0.724,0.166,0.285,0.314,102,1.7,2.4,-4.0,3.8,0.033,0.155,0.557,0.797,0.409,0.39899999999999997,0.33299999999999996,0.054000000000000006,86.9,9.9,0
Austin Hays,26,145,582,134,16,60,34,114,2,0.25,0.306,0.413,0.719,0.163,0.289,0.314,107,1.7,-0.3,-6.1,4.3,0.057999999999999996,0.196,0.509,0.7809999999999999,0.396,0.397,0.377,0.052000000000000005,87.7,11.3,0
Seth Brown,29,150,555,115,25,73,51,146,11,0.23,0.305,0.444,0.749,0.214,0.273,0.323,115,1.6,0.9,-12.4,10.2,0.092,0.263,0.48100000000000004,0.7290000000000001,0.40399999999999997,0.32899999999999996,0.408,0.13,89.2,15.8,0
Josh Donaldson,36,132,546,106,15,62,54,148,2,0.222,0.308,0.374,0.682,0.153,0.283,0.302,96,1.6,-3.9,4.8,-6.7,0.099,0.271,0.473,0.6859999999999999,0.401,0.327,0.43200000000000005,0.098,90.7,12.0,0
Kyle Farmer,31,145,583,134,14,78,33,99,4,0.255,0.315,0.386,0.701,0.131,0.286,0.309,92,1.5,-2.7,2.7,-8.1,0.057,0.17,0.502,0.8190000000000001,0.414,0.38799999999999996,0.336,0.044000000000000004,85.5,12.7,0
Mike Yastrzemski,31,148,558,104,17,57,61,141,5,0.214,0.305,0.392,0.697,0.177,0.261,0.307,99,1.5,0.8,-5.1,0.2,0.109,0.253,0.42200000000000004,0.794,0.436,0.254,0.425,0.111,89.9,19.9,0
Cody Bellinger,26,144,550,106,19,68,38,150,14,0.21,0.265,0.389,0.654,0.179,0.255,0.284,83,1.5,2.8,3.1,-8.0,0.069,0.273,0.498,0.76,0.42700000000000005,0.345,0.381,0.083,89.4,20.3,0
Isiah Kiner-Falefa,27,142,531,126,4,48,35,72,22,0.261,0.314,0.327,0.642,0.066,0.296,0.285,84,1.5,3.0,4.0,-6.5,0.066,0.136,0.447,0.898,0.436,0.331,0.298,0.012,86.2,4.3,0
J.D. Martinez,34,139,596,146,16,62,52,145,0,0.274,0.341,0.448,0.79,0.174,0.345,0.343,119,1.4,-2.9,-15.0,9.9,0.087,0.243,0.519,0.718,0.39399999999999996,0.349,0.414,0.124,89.1,14.1,0
Alec Bohm,25,152,631,164,13,72,31,110,2,0.28,0.315,0.398,0.713,0.118,0.319,0.31,98,1.4,-2.7,-4.5,-3.8,0.049,0.174,0.512,0.812,0.41100000000000003,0.354,0.43,0.068,90.2,10.4,0
Tony Kemp,30,147,558,117,7,46,45,69,11,0.235,0.307,0.334,0.641,0.099,0.259,0.287,90,1.4,2.9,-0.4,-3.7,0.081,0.124,0.484,0.883,0.43799999999999994,0.33,0.149,0.016,84.4,15.0,0
Myles Straw,27,152,596,118,0,32,54,87,21,0.221,0.291,0.273,0.564,0.052,0.261,0.257,65,1.4,5.8,11.6,-17.4,0.091,0.146,0.40399999999999997,0.8909999999999999,0.46399999999999997,0.23399999999999999,0.264,0.006999999999999999,87.0,9.8,0
C.J. Cron,32,150,632,148,29,102,43,164,0,0.257,0.315,0.468,0.783,0.21,0.307,0.335,103,1.3,-0.5,-10.6,1.7,0.068,0.259,0.47700000000000004,0.773,0.41600000000000004,0.358,0.42200000000000004,0.10800000000000001,88.6,14.1,0
Wilmer Flores,30,151,602,120,19,71,59,103,0,0.229,0.316,0.394,0.71,0.166,0.246,0.312,103,1.3,-4.0,-6.4,-1.9,0.098,0.171,0.456,0.826,0.39899999999999997,0.307,0.35200000000000004,0.063,87.8,20.7,0
Lane Thomas,26,146,548,120,17,52,41,132,8,0.241,0.301,0.404,0.705,0.163,0.291,0.308,98,1.3,-0.1,-4.8,-1.4,0.075,0.24100000000000002,0.441,0.813,0.43,0.295,0.34,0.065,86.4,12.5,0
Whit Merrifield,33,139,550,126,11,58,38,85,16,0.25,0.298,0.375,0.673,0.125,0.276,0.294,87,1.3,1.4,1.6,-6.4,0.069,0.155,0.505,0.82,0.426,0.35,0.309,0.042,87.1,15.1,0
Adam Frazier,30,156,602,129,3,42,46,73,11,0.238,0.301,0.311,0.612,0.072,0.268,0.274,82,1.3,1.3,4.1,-10.7,0.076,0.121,0.486,0.87,0.425,0.327,0.23800000000000002,0.015,85.1,13.6,0
Jonathan Schoop,30,131,510,97,11,38,19,107,5,0.202,0.239,0.322,0.561,0.121,0.234,0.245,57,1.3,-0.7,21.2,-25.3,0.037000000000000005,0.21,0.555,0.7490000000000001,0.408,0.408,0.386,0.048,87.0,9.7,0
Patrick Wisdom,30,134,534,97,25,66,53,183,8,0.207,0.298,0.426,0.725,0.22,0.274,0.316,106,1.2,0.4,-11.0,4.2,0.099,0.34299999999999997,0.48,0.664,0.414,0.3,0.46,0.142,90.7,21.0,0
Alex Verdugo,26,152,644,166,11,74,42,86,1,0.28,0.328,0.405,0.732,0.125,0.309,0.319,102,1.1,-2.3,-9.6,-0.6,0.065,0.134,0.452,0.861,0.452,0.29,0.37799999999999995,0.06,89.1,8.4,0
Miguel Rojas,33,140,507,111,6,36,26,61,9,0.236,0.283,0.323,0.605,0.087,0.258,0.268,68,1.1,-1.7,13.5,-20.6,0.051,0.12,0.47600000000000003,0.852,0.40700000000000003,0.344,0.268,0.019,86.1,10.1,0
Rowdy Tellez,27,153,599,116,35,89,62,121,2,0.219,0.306,0.461,0.767,0.242,0.215,0.327,110,1.0,-4.9,-13.0,2.4,0.10400000000000001,0.20199999999999999,0.433,0.7829999999999999,0.41600000000000004,0.31,0.457,0.129,91.1,15.3,0
Trey Mancini,30,143,587,124,18,63,53,135,0,0.239,0.319,0.391,0.71,0.152,0.286,0.312,105,0.9,-2.3,-11.0,1.3,0.09,0.23,0.48100000000000004,0.747,0.408,0.33399999999999996,0.401,0.095,89.5,12.7,0
Carlos Santana,36,131,506,87,19,60,71,88,0,0.202,0.316,0.376,0.692,0.174,0.209,0.308,102,0.9,-0.7,-8.1,0.4,0.14,0.174,0.426,0.805,0.413,0.257,0.449,0.09300000000000001,90.7,15.4,0
Jesse Winker,28,136,547,100,14,53,84,103,0,0.219,0.344,0.344,0.688,0.125,0.251,0.313,110,0.7,-3.5,-13.4,2.5,0.154,0.188,0.43200000000000005,0.813,0.42200000000000004,0.223,0.34299999999999997,0.076,87.7,16.8,0
Tommy Pham,34,144,622,131,17,63,56,167,8,0.236,0.312,0.374,0.686,0.137,0.304,0.304,90,0.7,-0.4,-6.3,-7.8,0.09,0.268,0.42,0.7659999999999999,0.441,0.255,0.48200000000000004,0.079,92.2,7.7,0
Andrew McCutchen,35,134,580,122,17,69,57,124,8,0.237,0.316,0.384,0.7,0.148,0.278,0.309,98,0.6,-2.6,-10.7,-3.8,0.098,0.214,0.449,0.7759999999999999,0.429,0.249,0.4,0.086,89.1,13.2,0
Randal Grichuk,30,141,538,131,19,73,24,127,4,0.259,0.299,0.425,0.724,0.166,0.309,0.315,89,0.5,0.0,-7.2,-6.7,0.045,0.23600000000000002,0.506,0.7709999999999999,0.396,0.369,0.436,0.068,90.0,8.7,0
A.J. Pollock,34,138,527,120,14,56,32,98,3,0.245,0.292,0.389,0.681,0.143,0.278,0.297,92,0.5,-2.4,-4.6,-7.0,0.061,0.18600000000000003,0.536,0.78,0.41200000000000003,0.379,0.42,0.094,88.8,11.8,0
Cesar Hernandez,32,147,617,139,1,34,45,114,10,0.248,0.311,0.318,0.629,0.07,0.309,0.283,81,0.5,-0.8,-2.1,-14.5,0.073,0.185,0.466,0.8079999999999999,0.418,0.293,0.297,0.024,84.8,9.3,0
Luke Voit,31,135,568,113,22,69,55,179,1,0.226,0.308,0.402,0.71,0.176,0.298,0.311,103,0.4,-4.9,-12.3,-3.2,0.09699999999999999,0.315,0.52,0.64,0.38,0.344,0.44299999999999995,0.147,89.8,18.4,0
Charlie Blackmon,35,135,577,140,16,78,32,109,4,0.264,0.314,0.419,0.733,0.155,0.304,0.317,91,0.1,0.7,-13.0,-5.4,0.055,0.18899999999999997,0.514,0.813,0.43200000000000005,0.359,0.306,0.044000000000000004,86.2,12.4,0
Nick Castellanos,30,136,558,138,13,62,29,130,7,0.263,0.305,0.389,0.694,0.126,0.326,0.304,95,-0.3,-1.5,-17.4,-4.9,0.052000000000000005,0.233,0.57,0.7020000000000001,0.392,0.436,0.34600000000000003,0.066,87.5,14.6,0
Marcell Ozuna,31,124,507,106,23,56,31,122,2,0.226,0.274,0.413,0.687,0.187,0.252,0.298,90,-0.3,-2.0,-12.6,-8.1,0.061,0.24100000000000002,0.494,0.731,0.39299999999999996,0.361,0.43799999999999994,0.131,89.4,16.5,0
Andrew Vaughn,24,134,555,138,17,76,31,96,0,0.271,0.321,0.429,0.75,0.159,0.301,0.327,113,-0.5,-3.6,-26.8,4.4,0.055999999999999994,0.17300000000000001,0.47,0.8079999999999999,0.41600000000000004,0.355,0.484,0.079,90.8,7.5,0
Nelson Cruz,41,124,507,105,10,64,49,119,4,0.234,0.313,0.337,0.651,0.103,0.295,0.292,87,-0.5,-0.9,-13.3,-8.5,0.09699999999999999,0.235,0.507,0.7040000000000001,0.391,0.35200000000000004,0.457,0.09300000000000001,90.9,7.2,0
MJ Melendez,23,129,534,100,18,62,66,131,2,0.217,0.313,0.393,0.706,0.176,0.258,0.31,97,-0.7,-1.5,-20.4,-3.1,0.124,0.245,0.446,0.745,0.41100000000000003,0.278,0.435,0.10400000000000001,90.7,15.1,0
Jesus Aguilar,32,129,507,109,16,51,28,119,1,0.235,0.281,0.379,0.661,0.144,0.278,0.288,82,-0.7,-3.5,-10.1,-13.9,0.055,0.235,0.49200000000000005,0.7490000000000001,0.384,0.389,0.354,0.067,87.8,18.9,0
Yuli Gurriel,38,146,584,132,8,53,30,73,8,0.242,0.288,0.36,0.647,0.117,0.266,0.285,85,-0.7,1.4,-16.9,-8.3,0.051,0.125,0.486,0.873,0.392,0.379,0.354,0.019,88.2,14.6,0
